student_id,cgpa,tenth_percentage,twelfth_percentage,backlogs,internships,projects,coding_score,aptitude_score,communication_score,attendance,certifications,placed
1,8.06,56,72,1,1,1,87,46,88,94,0,1
2,7.86,57,56,0,1,1,72,78,46,95,1,1
3,8.36,89,81,1,3,4,57,91,45,70,5,1
4,7.19,72,64,1,2,0,45,64,51,82,6,1
5,6.88,71,57,3,0,3,45,75,63,83,4,0
6,6.27,59,57,1,2,0,94,54,51,84,2,0
7,7.31,78,65,2,2,1,82,57,89,64,4,1
8,8.04,89,70,1,3,3,57,80,89,95,1,1
9,8.24,58,69,0,2,3,57,44,58,96,5,1
10,6.76,86,80,3,1,2,48,55,92,95,4,0
11,6.55,92,82,3,2,1,48,72,76,65,6,0
12,5.69,62,64,1,3,4,44,64,69,98,3,1
13,7.62,90,55,0,2,5,61,47,63,87,1,1
14,7.31,71,87,1,0,5,59,93,85,92,4,1
15,6.3,78,65,0,2,3,41,47,68,79,1,1
16,5.73,91,60,0,3,0,88,74,94,68,1,1
17,8.14,90,65,2,3,1,74,88,91,72,5,1
18,6.75,78,83,3,0,1,54,44,66,61,4,0
19,7.72,92,69,0,0,5,80,43,59,64,0,1
20,8.94,59,87,1,2,5,71,53,79,68,5,1
21,9.24,91,91,3,1,3,91,66,57,66,0,1
22,8.14,77,82,3,3,5,43,83,86,66,0,1
23,7.11,76,61,1,1,1,74,68,53,87,1,1
24,6.61,70,59,3,0,0,81,74,45,65,6,0
25,8.89,65,81,3,3,1,95,65,48,70,3,1
26,5.51,79,71,3,2,3,84,86,95,95,5,0
27,8.37,64,67,2,1,0,77,87,79,63,5,1
28,6.75,58,92,3,1,0,72,45,56,64,4,0
29,5.77,70,80,0,1,4,78,42,84,65,3,1
30,8.13,91,88,2,2,1,82,85,65,75,2,1
31,7.08,74,84,2,0,0,69,79,81,66,0,0
32,7.65,87,71,1,2,0,55,63,63,70,3,1
33,8.83,74,94,0,2,5,46,48,61,67,0,1
34,8.47,64,72,2,1,5,61,53,88,76,4,1
35,7.45,58,60,3,2,0,40,61,94,68,5,0
36,9.42,65,83,3,0,0,44,84,54,94,0,0
37,8.84,92,90,1,3,1,42,59,68,62,2,1
38,6.34,70,61,2,3,4,87,49,60,70,6,1
39,8.74,81,56,1,2,3,91,82,92,75,2,1
40,6.14,61,79,0,3,1,52,92,74,82,2,1
41,8.78,69,69,0,1,3,61,57,49,77,2,1
42,8.07,80,89,2,0,0,56,51,82,76,0,0
43,5.93,82,77,2,3,4,72,47,69,96,1,1
44,6.52,82,55,1,2,3,44,82,66,80,5,1
45,8.89,74,87,2,3,2,65,84,63,95,1,1
46,6.27,79,66,2,3,4,93,40,64,78,1,1
47,7.22,92,93,2,3,3,68,83,58,92,3,1
48,8.67,65,60,2,2,0,92,88,60,79,1,1
49,8.73,64,56,0,1,3,79,94,94,64,3,1
50,7.16,95,91,1,3,3,65,55,54,60,6,1
51,8.94,61,82,1,1,5,73,69,48,95,1,1
52,9.17,62,84,1,3,5,73,75,83,80,6,1
53,9.07,94,87,3,3,1,87,95,75,88,2,1
54,8.51,95,72,3,1,2,68,44,90,78,1,1
55,6.59,75,89,0,1,1,54,64,89,69,5,1
56,6.36,81,81,2,3,3,43,53,71,84,6,1
57,7.84,56,91,3,3,0,62,59,93,84,6,1
58,9.07,81,89,1,3,1,57,67,76,61,3,1
59,6.84,80,65,3,1,4,74,41,70,97,4,0
60,8.15,60,82,1,3,1,43,56,69,80,1,1
61,7.32,76,79,2,3,2,93,45,75,61,5,1
62,7.66,77,69,0,0,0,55,52,46,69,1,1
63,6.0,62,91,1,3,5,56,89,68,70,4,1
64,7.93,62,65,2,0,4,41,59,81,84,3,1
65,9.27,67,59,1,0,5,89,59,88,98,6,1
66,5.98,91,57,2,3,5,63,44,77,81,0,0
67,8.9,86,61,3,2,5,93,69,90,69,3,1
68,6.2,88,72,3,3,3,92,86,82,77,2,0
69,8.91,60,72,3,1,3,76,79,87,84,2,1
70,5.61,75,66,3,1,2,91,56,66,77,4,0
71,8.3,72,90,0,1,0,55,86,71,91,4,1
72,8.53,85,86,3,0,0,58,54,70,75,2,0
73,8.16,78,85,2,3,5,75,61,67,89,2,1
74,6.73,69,62,1,2,0,87,74,93,71,1,1
75,6.37,85,72,2,0,1,58,54,68,71,2,0
76,5.56,89,63,2,0,0,75,58,89,68,5,0
77,8.97,86,61,0,2,3,70,68,66,71,0,1
78,6.51,85,62,0,3,3,44,76,85,63,1,1
79,6.1,91,74,0,1,0,75,88,71,98,4,1
80,8.66,69,88,3,3,3,59,95,82,87,2,1
81,7.77,58,94,0,1,5,53,56,87,65,1,1
82,6.46,90,59,1,0,3,68,84,83,90,2,1
83,5.63,73,73,3,0,5,54,56,95,97,5,0
84,8.72,67,82,0,1,5,49,57,54,64,0,1
85,6.16,74,93,2,3,0,69,84,64,85,2,0
86,7.5,86,83,0,0,3,87,60,83,76,0,1
87,5.87,91,92,0,2,4,42,88,93,71,3,1
88,7.58,83,72,1,3,5,92,71,50,90,2,1
89,7.13,75,61,1,2,3,84,71,63,85,6,1
90,8.54,57,84,0,2,2,60,47,94,85,6,1
91,7.56,55,89,3,3,0,52,73,68,91,5,1
92,7.27,58,68,2,1,2,68,84,76,67,0,0
93,9.39,93,70,1,2,4,40,75,71,65,1,1
94,9.47,62,84,0,1,3,85,58,77,77,3,1
95,8.84,85,70,3,1,3,52,78,77,68,6,1
96,5.78,81,76,2,0,2,86,59,82,97,5,0
97,7.46,64,83,3,2,2,75,88,79,84,3,1
98,9.23,67,70,3,1,3,42,60,92,90,5,1
99,9.15,79,79,1,3,0,48,72,82,81,6,1
100,5.9,83,61,3,0,5,49,66,86,69,0,0
